model,dataset,n_seeds,loes_val_mean,baseline_val_mean,t_statistic_val,p_value_val,significant_val,loes_test_mean,baseline_test_mean,t_statistic_test,p_value_test,significant_test
CLIP-B32,caltech-ucsd-birds-200-2011,5,0.2026579219882636,0.1967207455988953,1.68526242518815,0.1672193919149562,False,0.2026579219882636,0.1967207455988953,1.68526242518815,0.1672193919149562,False
CLIP-B32,cifar100,5,0.8058799999999999,0.7562599999999999,26.049487345862488,1.2903270657862211e-05,True,0.8058799999999999,0.7562599999999999,26.049487345862488,1.2903270657862211e-05,True
CLIP-B32,dtd,5,0.7092553191489361,0.6295744680851063,19.67988552744888,3.932077727191739e-05,True,0.7092553191489361,0.6295744680851063,19.67988552744888,3.932077727191739e-05,True
CLIP-B32,mini-imagenet,5,0.9093,0.89214,25.53526192184432,1.396891522401177e-05,True,0.9093,0.89214,25.53526192184432,1.396891522401177e-05,True
CLIP-B32,stanford-dogs,5,0.6175,0.6065268065268065,3.602918908466397,0.022699092861104116,True,0.6175,0.6065268065268065,3.602918908466397,0.022699092861104116,True
CLIP-B32,stanford_cars,5,0.59950254943415,0.5052854122621564,46.71917019821457,1.2555830538349563e-06,True,0.59950254943415,0.5052854122621564,46.71917019821457,1.2555830538349563e-06,True
CLIP-B32,sun397,5,0.7207355163727959,0.6566649874055416,80.83438292605607,1.4038599094275557e-07,True,0.7207355163727959,0.6566649874055416,80.83438292605607,1.4038599094275557e-07,True
